symbol,date,close,high,low,open,volume,adjClose,adjHigh,adjLow,adjOpen,adjVolume,divCash,splitFactor
GOOG,2018-02-12 00:00:00+00:00,1051.94,1061.5,1040.93,1048.0,2038875,1051.94,1061.5,1040.93,1048.0,2038875,0.0,1.0
GOOG,2018-02-13 00:00:00+00:00,1052.1,1058.37,1044.09,1045.0,1209341,1052.1,1058.37,1044.09,1045.0,1209341,0.0,1.0
GOOG,2018-02-14 00:00:00+00:00,1069.7,1071.72,1046.75,1048.95,1515444,1069.7,1071.72,1046.75,1048.95,1515444,0.0,1.0
GOOG,2018-02-15 00:00:00+00:00,1089.52,1091.48,1064.34,1079.07,1777694,1089.52,1091.48,1064.34,1079.07,1777694,0.0,1.0
GOOG,2018-02-16 00:00:00+00:00,1094.8,1104.67,1088.31,1088.41,1664969,1094.8,1104.67,1088.31,1088.41,1664969,0.0,1.0
GOOG,2018-02-20 00:00:00+00:00,1102.46,1113.95,1088.52,1090.57,1381603,1102.46,1113.95,1088.52,1090.57,1381603,0.0,1.0
GOOG,2018-02-21 00:00:00+00:00,1111.34,1133.97,1106.33,1106.47,1493162,1111.34,1133.97,1106.33,1106.47,1493162,0.0,1.0
GOOG,2018-02-22 00:00:00+00:00,1106.63,1122.82,1102.59,1116.19,1306276,1106.63,1122.82,1102.59,1116.19,1306276,0.0,1.0
GOOG,2018-02-23 00:00:00+00:00,1126.79,1127.28,1104.71,1112.64,1158377,1126.79,1127.28,1104.71,1112.64,1158377,0.0,1.0
GOOG,2018-02-26 00:00:00+00:00,1143.75,1143.96,1126.69,1127.8,1492380,1143.75,1143.96,1126.69,1127.8,1492380,0.0,1.0
GOOG,2018-02-27 00:00:00+00:00,1118.29,1144.04,1118.0,1141.24,1741578,1118.29,1144.04,1118.0,1141.24,1741578,0.0,1.0
GOOG,2018-02-28 00:00:00+00:00,1104.73,1127.53,1103.24,1123.03,1858051,1104.73,1127.53,1103.24,1123.03,1858051,0.0,1.0
GOOG,2018-03-01 00:00:00+00:00,1069.52,1110.12,1067.0,1107.87,2515910,1069.52,1110.12,1067.0,1107.87,2515910,0.0,1.0
GOOG,2018-03-02 00:00:00+00:00,1078.92,1082.0,1048.12,1053.08,2271551,1078.92,1082.0,1048.12,1053.08,2271551,0.0,1.0
GOOG,2018-03-05 00:00:00+00:00,1090.93,1097.1,1069.0,1075.14,1202174,1090.93,1097.1,1069.0,1075.14,1202174,0.0,1.0
GOOG,2018-03-06 00:00:00+00:00,1095.06,1101.85,1089.78,1099.22,1532783,1095.06,1101.85,1089.78,1099.22,1532783,0.0,1.0
GOOG,2018-03-07 00:00:00+00:00,1109.64,1112.22,1085.48,1089.19,1292537,1109.64,1112.22,1085.48,1089.19,1292537,0.0,1.0
GOOG,2018-03-08 00:00:00+00:00,1126.0,1127.6,1112.8,1115.32,1240299,1126.0,1127.6,1112.8,1115.32,1240299,0.0,1.0
GOOG,2018-03-09 00:00:00+00:00,1160.04,1160.8,1132.46,1136.0,2074952,1160.04,1160.8,1132.46,1136.0,2074952,0.0,1.0
GOOG,2018-03-12 00:00:00+00:00,1164.5,1177.05,1157.42,1163.85,2076306,1164.5,1177.05,1157.42,1163.85,2076306,0.0,1.0
GOOG,2018-03-13 00:00:00+00:00,1138.17,1176.76,1133.33,1170.0,1808098,1138.17,1176.76,1133.33,1170.0,1808098,0.0,1.0
GOOG,2018-03-14 00:00:00+00:00,1149.49,1158.59,1141.44,1145.21,1192615,1149.49,1158.59,1141.44,1145.21,1192615,0.0,1.0
GOOG,2018-03-15 00:00:00+00:00,1149.58,1161.08,1134.54,1149.96,1392521,1149.58,1161.08,1134.54,1149.96,1392521,0.0,1.0
GOOG,2018-03-16 00:00:00+00:00,1135.73,1155.88,1131.96,1154.14,2560277,1135.73,1155.88,1131.96,1154.14,2560277,0.0,1.0
GOOG,2018-03-19 00:00:00+00:00,1099.82,1121.99,1089.01,1120.01,2339506,1099.82,1121.99,1089.01,1120.01,2339506,0.0,1.0
GOOG,2018-03-20 00:00:00+00:00,1097.71,1105.2,1083.46,1099.0,1783872,1097.71,1105.2,1083.46,1099.0,1783872,0.0,1.0
GOOG,2018-03-21 00:00:00+00:00,1090.88,1106.3,1085.15,1092.74,1640709,1090.88,1106.3,1085.15,1092.74,1640709,0.0,1.0
GOOG,2018-03-22 00:00:00+00:00,1049.08,1082.9,1045.91,1081.88,2580374,1049.08,1082.9,1045.91,1081.88,2580374,0.0,1.0
GOOG,2018-03-23 00:00:00+00:00,1021.57,1063.36,1021.22,1047.03,2113497,1021.57,1063.36,1021.22,1047.03,2113497,0.0,1.0
GOOG,2018-03-26 00:00:00+00:00,1053.21,1055.63,1008.4,1046.0,2558385,1053.21,1055.63,1008.4,1046.0,2558385,0.0,1.0
GOOG,2018-03-27 00:00:00+00:00,1005.1,1064.84,996.92,1063.0,3029471,1005.1,1064.84,996.92,1063.0,3029471,0.0,1.0
GOOG,2018-03-28 00:00:00+00:00,1004.56,1024.23,980.64,998.0,3369275,1004.56,1024.23,980.64,998.0,3369275,0.0,1.0
GOOG,2018-03-29 00:00:00+00:00,1031.79,1043.0,1002.9,1011.63,2726830,1031.79,1043.0,1002.9,1011.63,2726830,0.0,1.0
GOOG,2018-04-02 00:00:00+00:00,1006.47,1034.8,990.37,1022.82,2680400,1006.47,1034.8,990.37,1022.82,2680400,0.0,1.0
GOOG,2018-04-03 00:00:00+00:00,1013.41,1020.99,994.07,1013.91,2275076,1013.41,1020.99,994.07,1013.91,2275076,0.0,1.0
GOOG,2018-04-04 00:00:00+00:00,1025.14,1028.72,993.0,993.41,2484651,1025.14,1028.72,993.0,993.41,2484651,0.0,1.0
GOOG,2018-04-05 00:00:00+00:00,1027.81,1042.79,1020.13,1041.33,1363049,1027.81,1042.79,1020.13,1041.33,1363049,0.0,1.0
GOOG,2018-04-06 00:00:00+00:00,1007.04,1031.42,1003.03,1020.0,1746430,1007.04,1031.42,1003.03,1020.0,1746430,0.0,1.0
GOOG,2018-04-09 00:00:00+00:00,1015.45,1039.6,1014.08,1016.8,1751559,1015.45,1039.6,1014.08,1016.8,1751559,0.0,1.0
GOOG,2018-04-10 00:00:00+00:00,1031.64,1036.28,1011.34,1026.44,2029648,1031.64,1036.28,1011.34,1026.44,2029648,0.0,1.0
GOOG,2018-04-11 00:00:00+00:00,1019.97,1031.36,1015.87,1027.99,1483881,1019.97,1031.36,1015.87,1027.99,1483881,0.0,1.0
GOOG,2018-04-12 00:00:00+00:00,1032.51,1040.69,1021.43,1025.04,1359389,1032.51,1040.69,1021.43,1025.04,1359389,0.0,1.0
GOOG,2018-04-13 00:00:00+00:00,1029.27,1046.42,1022.98,1040.88,1223017,1029.27,1046.42,1022.98,1040.88,1223017,0.0,1.0
GOOG,2018-04-16 00:00:00+00:00,1037.98,1043.24,1026.74,1037.0,1211208,1037.98,1043.24,1026.74,1037.0,1211208,0.0,1.0
GOOG,2018-04-17 00:00:00+00:00,1074.16,1077.88,1048.26,1051.37,2320266,1074.16,1077.88,1048.26,1051.37,2320266,0.0,1.0
GOOG,2018-04-18 00:00:00+00:00,1072.08,1077.43,1066.22,1077.43,1344138,1072.08,1077.43,1066.22,1077.43,1344138,0.0,1.0
GOOG,2018-04-19 00:00:00+00:00,1087.7,1094.16,1068.18,1069.4,1747671,1087.7,1094.16,1068.18,1069.4,1747671,0.0,1.0
GOOG,2018-04-20 00:00:00+00:00,1072.96,1092.35,1069.57,1082.0,1889686,1072.96,1092.35,1069.57,1082.0,1889686,0.0,1.0
GOOG,2018-04-23 00:00:00+00:00,1067.45,1082.72,1060.7,1077.86,2341258,1067.45,1082.72,1060.7,1077.86,2341258,0.0,1.0
GOOG,2018-04-24 00:00:00+00:00,1019.98,1057.0,1010.59,1052.0,4760260,1019.98,1057.0,1010.59,1052.0,4760260,0.0,1.0
GOOG,2018-04-25 00:00:00+00:00,1021.18,1032.49,1015.31,1025.52,2391105,1021.18,1032.49,1015.31,1025.52,2391105,0.0,1.0
GOOG,2018-04-26 00:00:00+00:00,1040.04,1047.98,1018.19,1029.51,2079533,1040.04,1047.98,1018.19,1029.51,2079533,0.0,1.0
GOOG,2018-04-27 00:00:00+00:00,1030.05,1049.5,1025.59,1046.0,1619796,1030.05,1049.5,1025.59,1046.0,1619796,0.0,1.0
GOOG,2018-04-30 00:00:00+00:00,1017.33,1037.0,1016.85,1030.01,1671254,1017.33,1037.0,1016.85,1030.01,1671254,0.0,1.0
GOOG,2018-05-01 00:00:00+00:00,1037.31,1038.47,1008.21,1013.66,1427857,1037.31,1038.47,1008.21,1013.66,1427857,0.0,1.0
GOOG,2018-05-02 00:00:00+00:00,1024.38,1040.39,1022.87,1028.1,1603081,1024.38,1040.39,1022.87,1028.1,1603081,0.0,1.0
GOOG,2018-05-03 00:00:00+00:00,1023.72,1029.67,1006.29,1019.0,1815058,1023.72,1029.67,1006.29,1019.0,1815058,0.0,1.0
GOOG,2018-05-04 00:00:00+00:00,1048.21,1048.51,1016.9,1016.9,1938658,1048.21,1048.51,1016.9,1016.9,1938658,0.0,1.0
GOOG,2018-05-07 00:00:00+00:00,1054.79,1061.68,1047.1,1049.23,1466065,1054.79,1061.68,1047.1,1049.23,1466065,0.0,1.0
GOOG,2018-05-08 00:00:00+00:00,1053.91,1060.55,1047.14,1058.54,1217721,1053.91,1060.55,1047.14,1058.54,1217721,0.0,1.0
GOOG,2018-05-09 00:00:00+00:00,1082.76,1085.44,1056.37,1058.1,2032818,1082.76,1085.44,1056.37,1058.1,2032818,0.0,1.0
GOOG,2018-05-10 00:00:00+00:00,1097.57,1100.44,1085.64,1086.03,1443025,1097.57,1100.44,1085.64,1086.03,1443025,0.0,1.0
GOOG,2018-05-11 00:00:00+00:00,1098.26,1101.33,1090.91,1093.6,1253665,1098.26,1101.33,1090.91,1093.6,1253665,0.0,1.0
GOOG,2018-05-14 00:00:00+00:00,1100.2,1110.75,1099.11,1100.0,1518077,1100.2,1110.75,1099.11,1100.0,1518077,0.0,1.0
GOOG,2018-05-15 00:00:00+00:00,1079.23,1090.05,1073.47,1090.0,1494872,1079.23,1090.05,1073.47,1090.0,1494872,0.0,1.0
GOOG,2018-05-16 00:00:00+00:00,1081.77,1089.27,1076.26,1077.31,1097317,1081.77,1089.27,1076.26,1077.31,1097317,0.0,1.0
GOOG,2018-05-17 00:00:00+00:00,1078.59,1086.87,1073.5,1079.89,1043766,1078.59,1086.87,1073.5,1079.89,1043766,0.0,1.0
GOOG,2018-05-18 00:00:00+00:00,1066.36,1069.94,1060.68,1061.86,1565240,1066.36,1069.94,1060.68,1061.86,1565240,0.0,1.0
GOOG,2018-05-21 00:00:00+00:00,1079.58,1088.0,1073.65,1074.06,1023211,1079.58,1088.0,1073.65,1074.06,1023211,0.0,1.0
GOOG,2018-05-22 00:00:00+00:00,1069.73,1086.59,1066.69,1083.56,1090002,1069.73,1086.59,1066.69,1083.56,1090002,0.0,1.0
GOOG,2018-05-23 00:00:00+00:00,1079.69,1080.78,1061.71,1065.13,1060683,1079.69,1080.78,1061.71,1065.13,1060683,0.0,1.0
GOOG,2018-05-24 00:00:00+00:00,1079.24,1080.47,1066.15,1079.0,766773,1079.24,1080.47,1066.15,1079.0,766773,0.0,1.0
GOOG,2018-05-25 00:00:00+00:00,1075.66,1082.56,1073.78,1079.02,899406,1075.66,1082.56,1073.78,1079.02,899406,0.0,1.0
GOOG,2018-05-29 00:00:00+00:00,1060.32,1073.37,1055.22,1064.89,1865139,1060.32,1073.37,1055.22,1064.89,1865139,0.0,1.0
GOOG,2018-05-30 00:00:00+00:00,1067.8,1069.21,1056.83,1063.03,1138457,1067.8,1069.21,1056.83,1063.03,1138457,0.0,1.0
GOOG,2018-05-31 00:00:00+00:00,1084.99,1097.19,1067.56,1067.56,3088305,1084.99,1097.19,1067.56,1067.56,3088305,0.0,1.0
GOOG,2018-06-01 00:00:00+00:00,1119.5,1120.0,1098.5,1099.35,2421598,1119.5,1120.0,1098.5,1099.35,2421598,0.0,1.0
GOOG,2018-06-04 00:00:00+00:00,1139.29,1141.89,1122.01,1122.33,1889579,1139.29,1141.89,1122.01,1122.33,1889579,0.0,1.0
GOOG,2018-06-05 00:00:00+00:00,1139.66,1145.74,1133.19,1140.99,1677973,1139.66,1145.74,1133.19,1140.99,1677973,0.0,1.0
GOOG,2018-06-06 00:00:00+00:00,1136.88,1143.0,1125.74,1142.17,1698247,1136.88,1143.0,1125.74,1142.17,1698247,0.0,1.0
GOOG,2018-06-07 00:00:00+00:00,1123.86,1135.82,1116.52,1131.32,1520020,1123.86,1135.82,1116.52,1131.32,1520020,0.0,1.0
GOOG,2018-06-08 00:00:00+00:00,1120.87,1126.67,1112.15,1118.18,1290845,1120.87,1126.67,1112.15,1118.18,1290845,0.0,1.0
GOOG,2018-06-11 00:00:00+00:00,1129.99,1137.26,1118.6,1118.6,1079294,1129.99,1137.26,1118.6,1118.6,1079294,0.0,1.0
GOOG,2018-06-12 00:00:00+00:00,1139.32,1139.79,1130.73,1131.07,912018,1139.32,1139.79,1130.73,1131.07,912018,0.0,1.0
GOOG,2018-06-13 00:00:00+00:00,1134.79,1146.5,1133.38,1141.12,1506407,1134.79,1146.5,1133.38,1141.12,1506407,0.0,1.0
GOOG,2018-06-14 00:00:00+00:00,1152.12,1155.47,1140.64,1143.85,1350868,1152.12,1155.47,1140.64,1143.85,1350868,0.0,1.0
GOOG,2018-06-15 00:00:00+00:00,1152.26,1153.42,1143.48,1148.86,2122476,1152.26,1153.42,1143.48,1148.86,2122476,0.0,1.0
GOOG,2018-06-18 00:00:00+00:00,1173.46,1174.31,1143.59,1143.65,1413692,1173.46,1174.31,1143.59,1143.65,1413692,0.0,1.0
GOOG,2018-06-19 00:00:00+00:00,1168.06,1171.27,1154.01,1158.5,1621018,1168.06,1171.27,1154.01,1158.5,1621018,0.0,1.0
GOOG,2018-06-20 00:00:00+00:00,1169.84,1186.29,1169.16,1175.31,1648536,1169.84,1186.29,1169.16,1175.31,1648536,0.0,1.0
GOOG,2018-06-21 00:00:00+00:00,1157.66,1177.3,1152.23,1174.85,1238118,1157.66,1177.3,1152.23,1174.85,1238118,0.0,1.0
GOOG,2018-06-22 00:00:00+00:00,1155.48,1162.5,1147.26,1159.14,1310967,1155.48,1162.5,1147.26,1159.14,1310967,0.0,1.0
GOOG,2018-06-25 00:00:00+00:00,1124.81,1143.91,1112.78,1143.6,2157310,1124.81,1143.91,1112.78,1143.6,2157310,0.0,1.0
GOOG,2018-06-26 00:00:00+00:00,1118.46,1133.21,1116.66,1128.0,1563225,1118.46,1133.21,1116.66,1128.0,1563225,0.0,1.0
GOOG,2018-06-27 00:00:00+00:00,1103.98,1131.84,1103.62,1121.34,1293892,1103.98,1131.84,1103.62,1121.34,1293892,0.0,1.0
GOOG,2018-06-28 00:00:00+00:00,1114.22,1122.31,1096.01,1102.09,1072438,1114.22,1122.31,1096.01,1102.09,1072438,0.0,1.0
GOOG,2018-06-29 00:00:00+00:00,1115.65,1128.23,1115.0,1120.0,1315121,1115.65,1128.23,1115.0,1120.0,1315121,0.0,1.0
GOOG,2018-07-02 00:00:00+00:00,1127.46,1128.0,1093.8,1099.0,1217311,1127.46,1128.0,1093.8,1099.0,1217311,0.0,1.0
GOOG,2018-07-03 00:00:00+00:00,1102.89,1135.82,1100.02,1135.82,679034,1102.89,1135.82,1100.02,1135.82,679034,0.0,1.0
GOOG,2018-07-05 00:00:00+00:00,1124.27,1127.5,1108.48,1110.53,1066685,1124.27,1127.5,1108.48,1110.53,1066685,0.0,1.0
GOOG,2018-07-06 00:00:00+00:00,1140.17,1140.93,1120.74,1123.58,996079,1140.17,1140.93,1120.74,1123.58,996079,0.0,1.0
GOOG,2018-07-09 00:00:00+00:00,1154.05,1154.67,1143.42,1148.48,908969,1154.05,1154.67,1143.42,1148.48,908969,0.0,1.0
GOOG,2018-07-10 00:00:00+00:00,1152.84,1159.59,1149.59,1156.98,798412,1152.84,1159.59,1149.59,1156.98,798412,0.0,1.0
GOOG,2018-07-11 00:00:00+00:00,1153.9,1164.29,1141.0,1144.59,1119993,1153.9,1164.29,1141.0,1144.59,1119993,0.0,1.0
GOOG,2018-07-12 00:00:00+00:00,1183.48,1184.41,1155.93,1159.89,1251884,1183.48,1184.41,1155.93,1159.89,1251884,0.0,1.0
GOOG,2018-07-13 00:00:00+00:00,1188.82,1195.42,1180.0,1185.0,1222072,1188.82,1195.42,1180.0,1185.0,1222072,0.0,1.0
GOOG,2018-07-16 00:00:00+00:00,1183.86,1191.0,1179.28,1189.39,1055662,1183.86,1191.0,1179.28,1189.39,1055662,0.0,1.0
GOOG,2018-07-17 00:00:00+00:00,1198.8,1203.04,1170.6,1172.22,1610353,1198.8,1203.04,1170.6,1172.22,1610353,0.0,1.0
GOOG,2018-07-18 00:00:00+00:00,1195.88,1204.5,1190.34,1196.56,1393606,1195.88,1204.5,1190.34,1196.56,1393606,0.0,1.0
GOOG,2018-07-19 00:00:00+00:00,1186.96,1200.0,1183.32,1191.0,1276667,1186.96,1200.0,1183.32,1191.0,1276667,0.0,1.0
GOOG,2018-07-20 00:00:00+00:00,1184.91,1196.86,1184.22,1186.96,1248400,1184.91,1196.86,1184.22,1186.96,1248400,0.0,1.0
GOOG,2018-07-23 00:00:00+00:00,1205.5,1206.49,1181.0,1181.01,2619234,1205.5,1206.49,1181.0,1181.01,2619234,0.0,1.0
GOOG,2018-07-24 00:00:00+00:00,1248.08,1266.0,1235.56,1262.59,3318204,1248.08,1266.0,1235.56,1262.59,3318204,0.0,1.0
GOOG,2018-07-25 00:00:00+00:00,1263.7,1265.86,1239.13,1239.13,2139999,1263.7,1265.86,1239.13,1239.13,2139999,0.0,1.0
GOOG,2018-07-26 00:00:00+00:00,1268.33,1269.77,1249.02,1251.0,2405638,1268.33,1269.77,1249.02,1251.0,2405638,0.0,1.0
GOOG,2018-07-27 00:00:00+00:00,1238.5,1273.89,1231.0,1271.0,2130558,1238.5,1273.89,1231.0,1271.0,2130558,0.0,1.0
GOOG,2018-07-30 00:00:00+00:00,1219.74,1234.92,1211.47,1228.01,1849904,1219.74,1234.92,1211.47,1228.01,1849904,0.0,1.0
GOOG,2018-07-31 00:00:00+00:00,1217.26,1227.59,1205.6,1220.01,1644722,1217.26,1227.59,1205.6,1220.01,1644722,0.0,1.0
GOOG,2018-08-01 00:00:00+00:00,1220.01,1233.47,1210.21,1228.0,1567264,1220.01,1233.47,1210.21,1228.0,1567264,0.0,1.0
GOOG,2018-08-02 00:00:00+00:00,1226.15,1229.88,1204.79,1205.9,1531299,1226.15,1229.88,1204.79,1205.9,1531299,0.0,1.0
GOOG,2018-08-03 00:00:00+00:00,1223.71,1230.0,1215.06,1229.62,1089896,1223.71,1230.0,1215.06,1229.62,1089896,0.0,1.0
GOOG,2018-08-06 00:00:00+00:00,1224.77,1226.09,1215.8,1225.0,1081723,1224.77,1226.09,1215.8,1225.0,1081723,0.0,1.0
GOOG,2018-08-07 00:00:00+00:00,1242.22,1251.17,1236.17,1237.0,1493980,1242.22,1251.17,1236.17,1237.0,1493980,0.0,1.0
GOOG,2018-08-08 00:00:00+00:00,1245.61,1256.5,1238.01,1240.47,1370913,1245.61,1256.5,1238.01,1240.47,1370913,0.0,1.0
GOOG,2018-08-09 00:00:00+00:00,1249.1,1255.54,1246.01,1249.9,848601,1249.1,1255.54,1246.01,1249.9,848601,0.0,1.0
GOOG,2018-08-10 00:00:00+00:00,1237.61,1245.69,1232.0,1243.0,1108919,1237.61,1245.69,1232.0,1243.0,1108919,0.0,1.0
GOOG,2018-08-13 00:00:00+00:00,1235.01,1249.27,1233.64,1236.98,997346,1235.01,1249.27,1233.64,1236.98,997346,0.0,1.0
GOOG,2018-08-14 00:00:00+00:00,1242.1,1245.87,1225.11,1235.19,1348194,1242.1,1245.87,1225.11,1235.19,1348194,0.0,1.0
GOOG,2018-08-15 00:00:00+00:00,1214.38,1235.24,1209.51,1229.26,1828814,1214.38,1235.24,1209.51,1229.26,1828814,0.0,1.0
GOOG,2018-08-16 00:00:00+00:00,1206.49,1226.0,1202.55,1224.73,1343161,1206.49,1226.0,1202.55,1224.73,1343161,0.0,1.0
GOOG,2018-08-17 00:00:00+00:00,1200.96,1209.02,1188.24,1202.03,1389645,1200.96,1209.02,1188.24,1202.03,1389645,0.0,1.0
GOOG,2018-08-20 00:00:00+00:00,1207.77,1211.0,1194.63,1205.02,870772,1207.77,1211.0,1194.63,1205.02,870772,0.0,1.0
GOOG,2018-08-21 00:00:00+00:00,1201.62,1217.26,1200.35,1208.0,1205580,1201.62,1217.26,1200.35,1208.0,1205580,0.0,1.0
GOOG,2018-08-22 00:00:00+00:00,1207.33,1211.84,1199.0,1200.0,887389,1207.33,1211.84,1199.0,1200.0,887389,0.0,1.0
GOOG,2018-08-23 00:00:00+00:00,1205.38,1221.28,1204.24,1207.14,992604,1205.38,1221.28,1204.24,1207.14,992604,0.0,1.0
GOOG,2018-08-24 00:00:00+00:00,1220.65,1221.65,1206.36,1208.82,946840,1220.65,1221.65,1206.36,1208.82,946840,0.0,1.0
GOOG,2018-08-27 00:00:00+00:00,1241.82,1243.09,1225.72,1227.6,1156255,1241.82,1243.09,1225.72,1227.6,1156255,0.0,1.0
GOOG,2018-08-28 00:00:00+00:00,1231.15,1242.55,1228.69,1241.29,1304007,1231.15,1242.55,1228.69,1241.29,1304007,0.0,1.0
GOOG,2018-08-29 00:00:00+00:00,1249.3,1250.66,1236.36,1237.45,1309312,1249.3,1250.66,1236.36,1237.45,1309312,0.0,1.0
GOOG,2018-08-30 00:00:00+00:00,1239.12,1253.63,1232.59,1244.23,1331439,1239.12,1253.63,1232.59,1244.23,1331439,0.0,1.0
GOOG,2018-08-31 00:00:00+00:00,1218.19,1238.66,1211.29,1234.98,1816426,1218.19,1238.66,1211.29,1234.98,1816426,0.0,1.0
GOOG,2018-09-04 00:00:00+00:00,1197.0,1212.99,1192.5,1204.27,1831045,1197.0,1212.99,1192.5,1204.27,1831045,0.0,1.0
GOOG,2018-09-05 00:00:00+00:00,1186.48,1199.01,1162.0,1193.8,2061309,1186.48,1199.01,1162.0,1193.8,2061309,0.0,1.0
GOOG,2018-09-06 00:00:00+00:00,1171.44,1186.3,1152.0,1186.3,1888467,1171.44,1186.3,1152.0,1186.3,1888467,0.0,1.0
GOOG,2018-09-07 00:00:00+00:00,1164.83,1175.26,1157.21,1158.67,1401404,1164.83,1175.26,1157.21,1158.67,1401404,0.0,1.0
GOOG,2018-09-10 00:00:00+00:00,1164.64,1174.54,1160.11,1172.19,1115796,1164.64,1174.54,1160.11,1172.19,1115796,0.0,1.0
GOOG,2018-09-11 00:00:00+00:00,1177.36,1178.68,1156.24,1161.63,1209565,1177.36,1178.68,1156.24,1161.63,1209565,0.0,1.0
GOOG,2018-09-12 00:00:00+00:00,1162.82,1178.61,1158.36,1172.72,1295472,1162.82,1178.61,1158.36,1172.72,1295472,0.0,1.0
GOOG,2018-09-13 00:00:00+00:00,1175.33,1178.61,1162.85,1170.74,1431214,1175.33,1178.61,1162.85,1170.74,1431214,0.0,1.0
GOOG,2018-09-14 00:00:00+00:00,1172.53,1180.42,1168.33,1179.1,943978,1172.53,1180.42,1168.33,1179.1,943978,0.0,1.0
GOOG,2018-09-17 00:00:00+00:00,1156.05,1177.24,1154.03,1170.14,1306522,1156.05,1177.24,1154.03,1170.14,1306522,0.0,1.0
GOOG,2018-09-18 00:00:00+00:00,1161.22,1176.08,1157.09,1157.09,1203686,1161.22,1176.08,1157.09,1157.09,1203686,0.0,1.0
GOOG,2018-09-19 00:00:00+00:00,1171.09,1173.21,1154.58,1164.98,1191386,1171.09,1173.21,1154.58,1164.98,1191386,0.0,1.0
GOOG,2018-09-20 00:00:00+00:00,1186.87,1189.89,1173.36,1179.99,1225387,1186.87,1189.89,1173.36,1179.99,1225387,0.0,1.0
GOOG,2018-09-21 00:00:00+00:00,1166.09,1192.21,1166.04,1192.0,4405584,1166.09,1192.21,1166.04,1192.0,4405584,0.0,1.0
GOOG,2018-09-24 00:00:00+00:00,1173.37,1178.0,1146.91,1157.17,1271017,1173.37,1178.0,1146.91,1157.17,1271017,0.0,1.0
GOOG,2018-09-25 00:00:00+00:00,1184.65,1186.88,1168.0,1176.15,977731,1184.65,1186.88,1168.0,1176.15,977731,0.0,1.0
GOOG,2018-09-26 00:00:00+00:00,1180.49,1194.23,1174.77,1185.15,1462253,1180.49,1194.23,1174.77,1185.15,1462253,0.0,1.0
GOOG,2018-09-27 00:00:00+00:00,1194.64,1202.1,1183.63,1186.73,1260754,1194.64,1202.1,1183.63,1186.73,1260754,0.0,1.0
GOOG,2018-09-28 00:00:00+00:00,1193.47,1195.41,1184.5,1191.87,1380629,1193.47,1195.41,1184.5,1191.87,1380629,0.0,1.0
GOOG,2018-10-01 00:00:00+00:00,1195.31,1209.9,1190.3,1199.89,1357604,1195.31,1209.9,1190.3,1199.89,1357604,0.0,1.0
GOOG,2018-10-02 00:00:00+00:00,1200.11,1209.96,1186.63,1190.96,1687914,1200.11,1209.96,1186.63,1190.96,1687914,0.0,1.0
GOOG,2018-10-03 00:00:00+00:00,1202.95,1206.41,1193.83,1205.0,1256214,1202.95,1206.41,1193.83,1205.0,1256214,0.0,1.0
GOOG,2018-10-04 00:00:00+00:00,1168.19,1197.51,1155.58,1195.33,2209490,1168.19,1197.51,1155.58,1195.33,2209490,0.0,1.0
GOOG,2018-10-05 00:00:00+00:00,1157.35,1173.5,1145.12,1167.5,1184452,1157.35,1173.5,1145.12,1167.5,1184452,0.0,1.0
GOOG,2018-10-08 00:00:00+00:00,1148.97,1168.0,1127.36,1150.11,1932355,1148.97,1168.0,1127.36,1150.11,1932355,0.0,1.0
GOOG,2018-10-09 00:00:00+00:00,1138.82,1154.35,1137.57,1146.15,1308764,1138.82,1154.35,1137.57,1146.15,1308764,0.0,1.0
GOOG,2018-10-10 00:00:00+00:00,1081.22,1132.17,1081.13,1131.08,2675742,1081.22,1132.17,1081.13,1131.08,2675742,0.0,1.0
GOOG,2018-10-11 00:00:00+00:00,1079.32,1106.4,1068.27,1072.94,2950120,1079.32,1106.4,1068.27,1072.94,2950120,0.0,1.0
GOOG,2018-10-12 00:00:00+00:00,1110.08,1115.0,1086.4,1108.0,2101303,1110.08,1115.0,1086.4,1108.0,2101303,0.0,1.0
GOOG,2018-10-15 00:00:00+00:00,1092.25,1113.45,1089.0,1108.91,1372393,1092.25,1113.45,1089.0,1108.91,1372393,0.0,1.0
GOOG,2018-10-16 00:00:00+00:00,1121.28,1124.22,1102.5,1104.59,1928540,1121.28,1124.22,1102.5,1104.59,1928540,0.0,1.0
GOOG,2018-10-17 00:00:00+00:00,1115.69,1128.99,1102.19,1126.46,1467226,1115.69,1128.99,1102.19,1126.46,1467226,0.0,1.0
GOOG,2018-10-18 00:00:00+00:00,1087.97,1121.84,1077.09,1121.84,2094524,1087.97,1121.84,1077.09,1121.84,2094524,0.0,1.0
GOOG,2018-10-19 00:00:00+00:00,1096.46,1110.36,1087.75,1093.37,1267649,1096.46,1110.36,1087.75,1093.37,1267649,0.0,1.0
GOOG,2018-10-22 00:00:00+00:00,1101.16,1112.23,1091.0,1103.06,1514220,1101.16,1112.23,1091.0,1103.06,1514220,0.0,1.0
GOOG,2018-10-23 00:00:00+00:00,1103.69,1107.89,1070.0,1080.89,1848654,1103.69,1107.89,1070.0,1080.89,1848654,0.0,1.0
GOOG,2018-10-24 00:00:00+00:00,1050.71,1106.12,1048.74,1104.25,1982430,1050.71,1106.12,1048.74,1104.25,1982430,0.0,1.0
GOOG,2018-10-25 00:00:00+00:00,1095.57,1110.98,1069.55,1071.79,2545839,1095.57,1110.98,1069.55,1071.79,2545839,0.0,1.0
GOOG,2018-10-26 00:00:00+00:00,1071.47,1106.53,1034.09,1037.03,4187586,1071.47,1106.53,1034.09,1037.03,4187586,0.0,1.0
GOOG,2018-10-29 00:00:00+00:00,1020.08,1097.04,995.83,1082.47,3880723,1020.08,1097.04,995.83,1082.47,3880723,0.0,1.0
GOOG,2018-10-30 00:00:00+00:00,1036.21,1037.49,1000.75,1008.46,3212657,1036.21,1037.49,1000.75,1008.46,3212657,0.0,1.0
GOOG,2018-10-31 00:00:00+00:00,1076.77,1091.94,1057.0,1059.81,2529768,1076.77,1091.94,1057.0,1059.81,2529768,0.0,1.0
GOOG,2018-11-01 00:00:00+00:00,1070.0,1083.97,1062.46,1075.8,1481979,1070.0,1083.97,1062.46,1075.8,1481979,0.0,1.0
GOOG,2018-11-02 00:00:00+00:00,1057.79,1082.97,1054.61,1073.73,1839043,1057.79,1082.97,1054.61,1073.73,1839043,0.0,1.0
GOOG,2018-11-05 00:00:00+00:00,1040.09,1058.47,1021.24,1055.0,2441430,1040.09,1058.47,1021.24,1055.0,2441430,0.0,1.0
GOOG,2018-11-06 00:00:00+00:00,1055.81,1064.35,1038.07,1039.48,1233306,1055.81,1064.35,1038.07,1039.48,1233306,0.0,1.0
GOOG,2018-11-07 00:00:00+00:00,1093.39,1095.46,1065.9,1069.0,2058356,1093.39,1095.46,1065.9,1069.0,2058356,0.0,1.0
GOOG,2018-11-08 00:00:00+00:00,1082.4,1093.27,1072.2,1091.38,1488182,1082.4,1093.27,1072.2,1091.38,1488182,0.0,1.0
GOOG,2018-11-09 00:00:00+00:00,1066.15,1075.56,1053.11,1073.99,1343313,1066.15,1075.56,1053.11,1073.99,1343313,0.0,1.0
GOOG,2018-11-12 00:00:00+00:00,1038.63,1062.12,1031.0,1061.39,1471758,1038.63,1062.12,1031.0,1061.39,1471758,0.0,1.0
GOOG,2018-11-13 00:00:00+00:00,1036.05,1056.61,1031.15,1043.29,1513702,1036.05,1056.61,1031.15,1043.29,1513702,0.0,1.0
GOOG,2018-11-14 00:00:00+00:00,1043.66,1054.56,1031.0,1050.0,1565945,1043.66,1054.56,1031.0,1050.0,1565945,0.0,1.0
GOOG,2018-11-15 00:00:00+00:00,1064.71,1071.85,1031.78,1044.71,1836084,1064.71,1071.85,1031.78,1044.71,1836084,0.0,1.0
GOOG,2018-11-16 00:00:00+00:00,1061.49,1067.0,1048.98,1059.41,1658116,1061.49,1067.0,1048.98,1059.41,1658116,0.0,1.0
GOOG,2018-11-19 00:00:00+00:00,1020.0,1060.79,1016.26,1057.2,1858614,1020.0,1060.79,1016.26,1057.2,1858614,0.0,1.0
GOOG,2018-11-20 00:00:00+00:00,1025.76,1031.74,996.02,1000.0,2449130,1025.76,1031.74,996.02,1000.0,2449130,0.0,1.0
GOOG,2018-11-21 00:00:00+00:00,1037.61,1048.56,1033.47,1036.76,1534274,1037.61,1048.56,1033.47,1036.76,1534274,0.0,1.0
GOOG,2018-11-23 00:00:00+00:00,1023.88,1037.59,1022.4,1030.0,691462,1023.88,1037.59,1022.4,1030.0,691462,0.0,1.0
GOOG,2018-11-26 00:00:00+00:00,1048.62,1049.31,1033.91,1038.35,1942822,1048.62,1049.31,1033.91,1038.35,1942822,0.0,1.0
GOOG,2018-11-27 00:00:00+00:00,1044.41,1057.58,1038.49,1041.0,1803164,1044.41,1057.58,1038.49,1041.0,1803164,0.0,1.0
GOOG,2018-11-28 00:00:00+00:00,1086.23,1086.84,1035.76,1048.76,2475419,1086.23,1086.84,1035.76,1048.76,2475419,0.0,1.0
GOOG,2018-11-29 00:00:00+00:00,1088.3,1094.24,1076.0,1076.08,1468859,1088.3,1094.24,1076.0,1076.08,1468859,0.0,1.0
GOOG,2018-11-30 00:00:00+00:00,1094.43,1095.57,1077.88,1089.07,2580612,1094.43,1095.57,1077.88,1089.07,2580612,0.0,1.0
GOOG,2018-12-03 00:00:00+00:00,1106.43,1124.65,1103.66,1123.14,1990758,1106.43,1124.65,1103.66,1123.14,1990758,0.0,1.0
GOOG,2018-12-04 00:00:00+00:00,1050.82,1104.42,1049.98,1103.12,2345166,1050.82,1104.42,1049.98,1103.12,2345166,0.0,1.0
GOOG,2018-12-06 00:00:00+00:00,1068.73,1071.2,1030.77,1034.26,2769225,1068.73,1071.2,1030.77,1034.26,2769225,0.0,1.0
GOOG,2018-12-07 00:00:00+00:00,1036.58,1075.26,1028.5,1060.01,2101206,1036.58,1075.26,1028.5,1060.01,2101206,0.0,1.0
GOOG,2018-12-10 00:00:00+00:00,1039.55,1048.45,1023.29,1035.05,1807725,1039.55,1048.45,1023.29,1035.05,1807725,0.0,1.0
GOOG,2018-12-11 00:00:00+00:00,1051.75,1060.6,1039.84,1056.49,1394731,1051.75,1060.6,1039.84,1056.49,1394731,0.0,1.0
GOOG,2018-12-12 00:00:00+00:00,1063.68,1081.65,1062.79,1068.0,1523804,1063.68,1081.65,1062.79,1068.0,1523804,0.0,1.0
GOOG,2018-12-13 00:00:00+00:00,1061.9,1079.76,1053.93,1068.07,1329768,1061.9,1079.76,1053.93,1068.07,1329768,0.0,1.0
GOOG,2018-12-14 00:00:00+00:00,1042.1,1062.6,1040.79,1049.98,1686619,1042.1,1062.6,1040.79,1049.98,1686619,0.0,1.0
GOOG,2018-12-17 00:00:00+00:00,1016.53,1053.15,1007.9,1037.51,2385364,1016.53,1053.15,1007.9,1037.51,2385364,0.0,1.0
GOOG,2018-12-18 00:00:00+00:00,1028.71,1049.48,1021.44,1026.09,2192533,1028.71,1049.48,1021.44,1026.09,2192533,0.0,1.0
GOOG,2018-12-19 00:00:00+00:00,1023.01,1062.0,1008.05,1033.99,2479338,1023.01,1062.0,1008.05,1033.99,2479338,0.0,1.0
GOOG,2018-12-20 00:00:00+00:00,1009.41,1034.22,996.36,1018.13,2673464,1009.41,1034.22,996.36,1018.13,2673464,0.0,1.0
GOOG,2018-12-21 00:00:00+00:00,979.54,1024.02,973.69,1015.3,4595891,979.54,1024.02,973.69,1015.3,4595891,0.0,1.0
GOOG,2018-12-24 00:00:00+00:00,976.22,1003.54,970.11,973.9,1590328,976.22,1003.54,970.11,973.9,1590328,0.0,1.0
GOOG,2018-12-26 00:00:00+00:00,1039.46,1040.0,983.0,989.01,2373270,1039.46,1040.0,983.0,989.01,2373270,0.0,1.0
GOOG,2018-12-27 00:00:00+00:00,1043.88,1043.89,997.0,1017.15,2109777,1043.88,1043.89,997.0,1017.15,2109777,0.0,1.0
GOOG,2018-12-28 00:00:00+00:00,1037.08,1055.56,1033.1,1049.62,1413772,1037.08,1055.56,1033.1,1049.62,1413772,0.0,1.0
GOOG,2018-12-31 00:00:00+00:00,1035.61,1052.7,1023.59,1050.96,1493722,1035.61,1052.7,1023.59,1050.96,1493722,0.0,1.0
GOOG,2019-01-02 00:00:00+00:00,1045.85,1052.32,1015.71,1016.57,1532608,1045.85,1052.32,1015.71,1016.57,1532608,0.0,1.0
GOOG,2019-01-03 00:00:00+00:00,1016.06,1056.98,1014.07,1041.0,1841066,1016.06,1056.98,1014.07,1041.0,1841066,0.0,1.0
GOOG,2019-01-04 00:00:00+00:00,1070.71,1070.84,1027.42,1032.59,2093894,1070.71,1070.84,1027.42,1032.59,2093894,0.0,1.0
GOOG,2019-01-07 00:00:00+00:00,1068.39,1074.0,1054.76,1071.5,1981874,1068.39,1074.0,1054.76,1071.5,1981874,0.0,1.0
GOOG,2019-01-08 00:00:00+00:00,1076.28,1084.56,1060.53,1076.11,1765267,1076.28,1084.56,1060.53,1076.11,1765267,0.0,1.0
GOOG,2019-01-09 00:00:00+00:00,1074.66,1082.63,1066.4,1081.65,1199272,1074.66,1082.63,1066.4,1081.65,1199272,0.0,1.0
GOOG,2019-01-10 00:00:00+00:00,1070.33,1071.15,1057.71,1067.66,1456421,1070.33,1071.15,1057.71,1067.66,1456421,0.0,1.0
GOOG,2019-01-11 00:00:00+00:00,1057.19,1063.78,1048.48,1063.18,1520756,1057.19,1063.78,1048.48,1063.18,1520756,0.0,1.0
GOOG,2019-01-14 00:00:00+00:00,1044.69,1051.53,1041.26,1046.92,1144263,1044.69,1051.53,1041.26,1046.92,1144263,0.0,1.0
GOOG,2019-01-15 00:00:00+00:00,1077.15,1080.05,1047.34,1050.17,1463570,1077.15,1080.05,1047.34,1050.17,1463570,0.0,1.0
GOOG,2019-01-16 00:00:00+00:00,1080.97,1092.38,1079.34,1080.0,1331819,1080.97,1092.38,1079.34,1080.0,1331819,0.0,1.0
GOOG,2019-01-17 00:00:00+00:00,1089.9,1091.8,1073.5,1079.47,1242664,1089.9,1091.8,1073.5,1079.47,1242664,0.0,1.0
GOOG,2019-01-18 00:00:00+00:00,1098.26,1108.35,1090.9,1100.0,1955559,1098.26,1108.35,1090.9,1100.0,1955559,0.0,1.0
GOOG,2019-01-22 00:00:00+00:00,1070.52,1091.51,1063.47,1088.0,1613527,1070.52,1091.51,1063.47,1088.0,1613527,0.0,1.0
GOOG,2019-01-23 00:00:00+00:00,1075.57,1084.93,1059.75,1077.35,966956,1075.57,1084.93,1059.75,1077.35,966956,0.0,1.0
GOOG,2019-01-24 00:00:00+00:00,1073.9,1079.47,1060.7,1076.48,1361673,1073.9,1079.47,1060.7,1076.48,1361673,0.0,1.0
GOOG,2019-01-25 00:00:00+00:00,1090.99,1094.0,1081.82,1085.0,1119216,1090.99,1094.0,1081.82,1085.0,1119216,0.0,1.0
GOOG,2019-01-28 00:00:00+00:00,1070.08,1083.0,1063.8,1080.11,1284281,1070.08,1083.0,1063.8,1080.11,1284281,0.0,1.0
GOOG,2019-01-29 00:00:00+00:00,1060.62,1075.15,1055.86,1072.68,1021819,1060.62,1075.15,1055.86,1072.68,1021819,0.0,1.0
GOOG,2019-01-30 00:00:00+00:00,1089.06,1091.0,1066.85,1068.43,1279822,1089.06,1091.0,1066.85,1068.43,1279822,0.0,1.0
GOOG,2019-01-31 00:00:00+00:00,1116.37,1117.33,1095.41,1103.0,1538324,1116.37,1117.33,1095.41,1103.0,1538324,0.0,1.0
GOOG,2019-02-01 00:00:00+00:00,1110.75,1125.0,1104.89,1112.4,1462208,1110.75,1125.0,1104.89,1112.4,1462208,0.0,1.0
GOOG,2019-02-04 00:00:00+00:00,1132.8,1132.8,1109.02,1112.66,2576470,1132.8,1132.8,1109.02,1112.66,2576470,0.0,1.0
GOOG,2019-02-05 00:00:00+00:00,1145.99,1146.85,1117.25,1124.84,3552194,1145.99,1146.85,1117.25,1124.84,3552194,0.0,1.0
GOOG,2019-02-06 00:00:00+00:00,1115.23,1147.0,1112.77,1139.57,2105592,1115.23,1147.0,1112.77,1139.57,2105592,0.0,1.0
GOOG,2019-02-07 00:00:00+00:00,1098.71,1104.84,1086.0,1104.16,2044827,1098.71,1104.84,1086.0,1104.16,2044827,0.0,1.0
GOOG,2019-02-08 00:00:00+00:00,1095.06,1098.91,1086.55,1087.0,1075769,1095.06,1098.91,1086.55,1087.0,1075769,0.0,1.0
GOOG,2019-02-11 00:00:00+00:00,1095.01,1105.94,1092.86,1096.95,1065194,1095.01,1105.94,1092.86,1096.95,1065194,0.0,1.0
GOOG,2019-02-12 00:00:00+00:00,1121.37,1125.3,1105.85,1106.8,1609513,1121.37,1125.3,1105.85,1106.8,1609513,0.0,1.0
GOOG,2019-02-13 00:00:00+00:00,1120.16,1134.73,1118.5,1124.99,1049781,1120.16,1134.73,1118.5,1124.99,1049781,0.0,1.0
GOOG,2019-02-14 00:00:00+00:00,1121.67,1128.23,1110.44,1118.05,947632,1121.67,1128.23,1110.44,1118.05,947632,0.0,1.0
GOOG,2019-02-15 00:00:00+00:00,1113.65,1131.67,1110.65,1130.08,1449830,1113.65,1131.67,1110.65,1130.08,1449830,0.0,1.0
GOOG,2019-02-19 00:00:00+00:00,1118.56,1121.89,1110.0,1110.0,1046628,1118.56,1121.89,1110.0,1110.0,1046628,0.0,1.0
GOOG,2019-02-20 00:00:00+00:00,1113.8,1123.41,1105.28,1119.99,1087817,1113.8,1123.41,1105.28,1119.99,1087817,0.0,1.0
GOOG,2019-02-21 00:00:00+00:00,1096.97,1111.94,1092.52,1110.84,1415473,1096.97,1111.94,1092.52,1110.84,1415473,0.0,1.0
GOOG,2019-02-22 00:00:00+00:00,1110.37,1111.24,1095.6,1100.9,1049545,1110.37,1111.24,1095.6,1100.9,1049545,0.0,1.0
GOOG,2019-02-25 00:00:00+00:00,1109.4,1118.54,1107.27,1116.0,1413061,1109.4,1118.54,1107.27,1116.0,1413061,0.0,1.0
GOOG,2019-02-26 00:00:00+00:00,1115.13,1119.51,1099.92,1105.75,1471743,1115.13,1119.51,1099.92,1105.75,1471743,0.0,1.0
GOOG,2019-02-27 00:00:00+00:00,1116.05,1117.98,1101.0,1106.95,968760,1116.05,1117.98,1101.0,1106.95,968760,0.0,1.0
GOOG,2019-02-28 00:00:00+00:00,1119.92,1127.65,1111.01,1111.3,1542609,1119.92,1127.65,1111.01,1111.3,1542609,0.0,1.0
GOOG,2019-03-01 00:00:00+00:00,1140.99,1142.97,1124.75,1124.9,1450316,1140.99,1142.97,1124.75,1124.9,1450316,0.0,1.0
GOOG,2019-03-04 00:00:00+00:00,1147.8,1158.28,1130.69,1146.99,1446047,1147.8,1158.28,1130.69,1146.99,1446047,0.0,1.0
GOOG,2019-03-05 00:00:00+00:00,1162.03,1169.61,1146.19,1150.06,1443174,1162.03,1169.61,1146.19,1150.06,1443174,0.0,1.0
GOOG,2019-03-06 00:00:00+00:00,1157.86,1167.57,1155.49,1162.49,1099289,1157.86,1167.57,1155.49,1162.49,1099289,0.0,1.0
GOOG,2019-03-07 00:00:00+00:00,1143.3,1156.76,1134.91,1155.72,1166559,1143.3,1156.76,1134.91,1155.72,1166559,0.0,1.0
GOOG,2019-03-08 00:00:00+00:00,1142.32,1147.08,1123.3,1126.73,1212489,1142.32,1147.08,1123.3,1126.73,1212489,0.0,1.0
GOOG,2019-03-11 00:00:00+00:00,1175.76,1176.19,1144.45,1144.45,1719192,1175.76,1176.19,1144.45,1144.45,1719192,0.0,1.0
GOOG,2019-03-12 00:00:00+00:00,1193.2,1200.0,1178.26,1178.26,2013115,1193.2,1200.0,1178.26,1178.26,2013115,0.0,1.0
GOOG,2019-03-13 00:00:00+00:00,1193.32,1200.93,1191.94,1200.64,1435936,1193.32,1200.93,1191.94,1200.64,1435936,0.0,1.0
GOOG,2019-03-14 00:00:00+00:00,1185.55,1197.88,1184.48,1194.51,1172815,1185.55,1197.88,1184.48,1194.51,1172815,0.0,1.0
GOOG,2019-03-15 00:00:00+00:00,1184.46,1196.57,1182.61,1193.38,2459957,1184.46,1196.57,1182.61,1193.38,2459957,0.0,1.0
GOOG,2019-03-18 00:00:00+00:00,1184.26,1190.0,1177.42,1183.3,1292633,1184.26,1190.0,1177.42,1183.3,1292633,0.0,1.0
GOOG,2019-03-19 00:00:00+00:00,1198.85,1200.0,1185.87,1188.81,1520688,1198.85,1200.0,1185.87,1188.81,1520688,0.0,1.0
GOOG,2019-03-20 00:00:00+00:00,1223.97,1227.14,1196.17,1197.35,2227786,1223.97,1227.14,1196.17,1197.35,2227786,0.0,1.0
GOOG,2019-03-21 00:00:00+00:00,1231.54,1231.79,1213.15,1216.0,1204045,1231.54,1231.79,1213.15,1216.0,1204045,0.0,1.0
GOOG,2019-03-22 00:00:00+00:00,1205.5,1230.0,1202.83,1226.32,1714247,1205.5,1230.0,1202.83,1226.32,1714247,0.0,1.0
GOOG,2019-03-25 00:00:00+00:00,1193.0,1206.4,1187.04,1196.93,1496843,1193.0,1206.4,1187.04,1196.93,1496843,0.0,1.0
GOOG,2019-03-26 00:00:00+00:00,1184.62,1202.83,1176.72,1198.53,1901156,1184.62,1202.83,1176.72,1198.53,1901156,0.0,1.0
GOOG,2019-03-27 00:00:00+00:00,1173.02,1187.56,1159.37,1185.5,1400240,1173.02,1187.56,1159.37,1185.5,1400240,0.0,1.0
GOOG,2019-03-28 00:00:00+00:00,1168.49,1171.57,1159.43,1171.54,1012430,1168.49,1171.57,1159.43,1171.54,1012430,0.0,1.0
GOOG,2019-03-29 00:00:00+00:00,1173.31,1178.99,1162.88,1174.9,1269979,1173.31,1178.99,1162.88,1174.9,1269979,0.0,1.0
GOOG,2019-04-01 00:00:00+00:00,1194.43,1196.66,1182.0,1184.1,1252757,1194.43,1196.66,1182.0,1184.1,1252757,0.0,1.0
GOOG,2019-04-02 00:00:00+00:00,1200.49,1201.35,1185.71,1195.32,827973,1200.49,1201.35,1185.71,1195.32,827973,0.0,1.0
GOOG,2019-04-03 00:00:00+00:00,1205.92,1216.3,1200.5,1207.48,1017838,1205.92,1216.3,1200.5,1207.48,1017838,0.0,1.0
GOOG,2019-04-04 00:00:00+00:00,1215.0,1215.67,1204.13,1205.94,950747,1215.0,1215.67,1204.13,1205.94,950747,0.0,1.0
GOOG,2019-04-05 00:00:00+00:00,1207.15,1216.22,1205.03,1214.99,907152,1207.15,1216.22,1205.03,1214.99,907152,0.0,1.0
GOOG,2019-04-08 00:00:00+00:00,1203.84,1208.69,1199.86,1207.89,860363,1203.84,1208.69,1199.86,1207.89,860363,0.0,1.0
GOOG,2019-04-09 00:00:00+00:00,1197.25,1202.29,1193.08,1196.0,876381,1197.25,1202.29,1193.08,1196.0,876381,0.0,1.0
GOOG,2019-04-10 00:00:00+00:00,1202.16,1203.79,1196.43,1200.68,724643,1202.16,1203.79,1196.43,1200.68,724643,0.0,1.0
GOOG,2019-04-11 00:00:00+00:00,1204.62,1207.96,1200.13,1203.96,710231,1204.62,1207.96,1200.13,1203.96,710231,0.0,1.0
GOOG,2019-04-12 00:00:00+00:00,1217.87,1218.35,1208.11,1210.0,933794,1217.87,1218.35,1208.11,1210.0,933794,0.0,1.0
GOOG,2019-04-15 00:00:00+00:00,1221.1,1224.2,1209.11,1218.0,1187519,1221.1,1224.2,1209.11,1218.0,1187519,0.0,1.0
GOOG,2019-04-16 00:00:00+00:00,1227.13,1230.82,1220.12,1225.0,856304,1227.13,1230.82,1220.12,1225.0,856304,0.0,1.0
GOOG,2019-04-17 00:00:00+00:00,1236.34,1240.56,1227.82,1233.0,1221930,1236.34,1240.56,1227.82,1233.0,1221930,0.0,1.0
GOOG,2019-04-18 00:00:00+00:00,1236.37,1242.0,1234.61,1239.18,1331823,1236.37,1242.0,1234.61,1239.18,1331823,0.0,1.0
GOOG,2019-04-22 00:00:00+00:00,1248.84,1249.09,1228.31,1235.99,807334,1248.84,1249.09,1228.31,1235.99,807334,0.0,1.0
GOOG,2019-04-23 00:00:00+00:00,1264.55,1269.0,1246.38,1250.69,1319910,1264.55,1269.0,1246.38,1250.69,1319910,0.0,1.0
GOOG,2019-04-24 00:00:00+00:00,1256.0,1268.01,1255.0,1264.12,1018753,1256.0,1268.01,1255.0,1264.12,1018753,0.0,1.0
GOOG,2019-04-25 00:00:00+00:00,1263.45,1267.41,1252.03,1264.77,1107295,1263.45,1267.41,1252.03,1264.77,1107295,0.0,1.0
GOOG,2019-04-26 00:00:00+00:00,1272.18,1273.07,1260.32,1269.0,1241428,1272.18,1273.07,1260.32,1269.0,1241428,0.0,1.0
GOOG,2019-04-29 00:00:00+00:00,1287.58,1289.27,1266.29,1274.0,2499432,1287.58,1289.27,1266.29,1274.0,2499432,0.0,1.0
GOOG,2019-04-30 00:00:00+00:00,1188.48,1192.81,1175.0,1185.0,6207027,1188.48,1192.81,1175.0,1185.0,6207027,0.0,1.0
GOOG,2019-05-01 00:00:00+00:00,1168.08,1188.05,1167.18,1188.05,2642983,1168.08,1188.05,1167.18,1188.05,2642983,0.0,1.0
GOOG,2019-05-02 00:00:00+00:00,1162.61,1174.19,1155.0,1167.76,1944817,1162.61,1174.19,1155.0,1167.76,1944817,0.0,1.0
GOOG,2019-05-03 00:00:00+00:00,1185.4,1186.8,1169.0,1173.65,1980653,1185.4,1186.8,1169.0,1173.65,1980653,0.0,1.0
GOOG,2019-05-06 00:00:00+00:00,1189.39,1190.85,1166.26,1166.26,1563943,1189.39,1190.85,1166.26,1166.26,1563943,0.0,1.0
GOOG,2019-05-07 00:00:00+00:00,1174.1,1190.44,1161.04,1180.47,1551368,1174.1,1190.44,1161.04,1180.47,1551368,0.0,1.0
GOOG,2019-05-08 00:00:00+00:00,1166.27,1180.42,1165.74,1172.01,1309514,1166.27,1180.42,1165.74,1172.01,1309514,0.0,1.0
GOOG,2019-05-09 00:00:00+00:00,1162.38,1169.66,1150.85,1159.03,1185973,1162.38,1169.66,1150.85,1159.03,1185973,0.0,1.0
GOOG,2019-05-10 00:00:00+00:00,1164.27,1172.6,1142.5,1163.59,1314546,1164.27,1172.6,1142.5,1163.59,1314546,0.0,1.0
GOOG,2019-05-13 00:00:00+00:00,1132.03,1147.94,1122.11,1141.96,1860648,1132.03,1147.94,1122.11,1141.96,1860648,0.0,1.0
GOOG,2019-05-14 00:00:00+00:00,1120.44,1140.42,1119.55,1137.21,1836604,1120.44,1140.42,1119.55,1137.21,1836604,0.0,1.0
GOOG,2019-05-15 00:00:00+00:00,1164.21,1171.33,1116.67,1117.87,2289302,1164.21,1171.33,1116.67,1117.87,2289302,0.0,1.0
GOOG,2019-05-16 00:00:00+00:00,1178.98,1188.16,1162.84,1164.51,1531404,1178.98,1188.16,1162.84,1164.51,1531404,0.0,1.0
GOOG,2019-05-17 00:00:00+00:00,1162.3,1180.15,1160.01,1168.47,1208623,1162.3,1180.15,1160.01,1168.47,1208623,0.0,1.0
GOOG,2019-05-20 00:00:00+00:00,1138.85,1146.8,1131.44,1144.5,1353292,1138.85,1146.8,1131.44,1144.5,1353292,0.0,1.0
GOOG,2019-05-21 00:00:00+00:00,1149.63,1152.71,1137.94,1148.49,1160158,1149.63,1152.71,1137.94,1148.49,1160158,0.0,1.0
GOOG,2019-05-22 00:00:00+00:00,1151.42,1158.52,1145.89,1146.75,914839,1151.42,1158.52,1145.89,1146.75,914839,0.0,1.0
GOOG,2019-05-23 00:00:00+00:00,1140.77,1145.97,1129.22,1140.5,1199300,1140.77,1145.97,1129.22,1140.5,1199300,0.0,1.0
GOOG,2019-05-24 00:00:00+00:00,1133.47,1149.77,1131.66,1147.36,1112341,1133.47,1149.77,1131.66,1147.36,1112341,0.0,1.0
GOOG,2019-05-28 00:00:00+00:00,1134.15,1151.59,1133.12,1134.0,1365166,1134.15,1151.59,1133.12,1134.0,1365166,0.0,1.0
GOOG,2019-05-29 00:00:00+00:00,1116.46,1129.1,1108.22,1127.52,1538212,1116.46,1129.1,1108.22,1127.52,1538212,0.0,1.0
GOOG,2019-05-30 00:00:00+00:00,1117.95,1123.13,1112.12,1115.54,951873,1117.95,1123.13,1112.12,1115.54,951873,0.0,1.0
GOOG,2019-05-31 00:00:00+00:00,1103.63,1109.6,1100.18,1101.29,1508203,1103.63,1109.6,1100.18,1101.29,1508203,0.0,1.0
GOOG,2019-06-03 00:00:00+00:00,1036.23,1065.5,1025.0,1065.5,5130576,1036.23,1065.5,1025.0,1065.5,5130576,0.0,1.0
GOOG,2019-06-04 00:00:00+00:00,1053.05,1056.05,1033.69,1042.9,2833483,1053.05,1056.05,1033.69,1042.9,2833483,0.0,1.0
GOOG,2019-06-05 00:00:00+00:00,1042.22,1053.55,1030.49,1051.54,2168439,1042.22,1053.55,1030.49,1051.54,2168439,0.0,1.0
GOOG,2019-06-06 00:00:00+00:00,1044.34,1047.49,1033.7,1044.99,1703244,1044.34,1047.49,1033.7,1044.99,1703244,0.0,1.0
GOOG,2019-06-07 00:00:00+00:00,1066.04,1070.92,1048.4,1050.63,1802370,1066.04,1070.92,1048.4,1050.63,1802370,0.0,1.0
GOOG,2019-06-10 00:00:00+00:00,1080.38,1092.66,1072.32,1072.98,1464248,1080.38,1092.66,1072.32,1072.98,1464248,0.0,1.0
GOOG,2019-06-11 00:00:00+00:00,1078.72,1101.99,1077.6,1093.98,1437063,1078.72,1101.99,1077.6,1093.98,1437063,0.0,1.0
GOOG,2019-06-12 00:00:00+00:00,1077.03,1080.93,1067.54,1078.0,1061255,1077.03,1080.93,1067.54,1078.0,1061255,0.0,1.0
GOOG,2019-06-13 00:00:00+00:00,1088.77,1094.17,1080.15,1083.64,1058000,1088.77,1094.17,1080.15,1083.64,1058000,0.0,1.0
GOOG,2019-06-14 00:00:00+00:00,1085.35,1092.69,1080.17,1086.42,1111643,1085.35,1092.69,1080.17,1086.42,1111643,0.0,1.0
GOOG,2019-06-17 00:00:00+00:00,1092.5,1099.18,1086.28,1086.28,941602,1092.5,1099.18,1086.28,1086.28,941602,0.0,1.0
GOOG,2019-06-18 00:00:00+00:00,1103.6,1116.39,1098.99,1109.69,1386684,1103.6,1116.39,1098.99,1109.69,1386684,0.0,1.0
GOOG,2019-06-19 00:00:00+00:00,1102.33,1107.0,1093.48,1105.6,1339218,1102.33,1107.0,1093.48,1105.6,1339218,0.0,1.0
GOOG,2019-06-20 00:00:00+00:00,1111.42,1120.12,1104.74,1119.99,1262011,1111.42,1120.12,1104.74,1119.99,1262011,0.0,1.0
GOOG,2019-06-21 00:00:00+00:00,1121.88,1124.11,1108.08,1109.24,1947591,1121.88,1124.11,1108.08,1109.24,1947591,0.0,1.0
GOOG,2019-06-24 00:00:00+00:00,1115.52,1122.0,1111.01,1119.61,1395696,1115.52,1122.0,1111.01,1119.61,1395696,0.0,1.0
GOOG,2019-06-25 00:00:00+00:00,1086.35,1114.35,1083.8,1112.66,1546913,1086.35,1114.35,1083.8,1112.66,1546913,0.0,1.0
GOOG,2019-06-26 00:00:00+00:00,1079.8,1092.97,1072.24,1086.5,1810869,1079.8,1092.97,1072.24,1086.5,1810869,0.0,1.0
GOOG,2019-06-27 00:00:00+00:00,1076.01,1087.1,1075.29,1084.0,1004477,1076.01,1087.1,1075.29,1084.0,1004477,0.0,1.0
GOOG,2019-06-28 00:00:00+00:00,1080.91,1081.0,1073.37,1076.39,1693450,1080.91,1081.0,1073.37,1076.39,1693450,0.0,1.0
GOOG,2019-07-01 00:00:00+00:00,1097.95,1107.58,1093.7,1098.0,1438504,1097.95,1107.58,1093.7,1098.0,1438504,0.0,1.0
GOOG,2019-07-02 00:00:00+00:00,1111.25,1111.77,1098.17,1102.24,991755,1111.25,1111.77,1098.17,1102.24,991755,0.0,1.0
GOOG,2019-07-03 00:00:00+00:00,1121.58,1126.76,1113.86,1117.41,767011,1121.58,1126.76,1113.86,1117.41,767011,0.0,1.0
GOOG,2019-07-05 00:00:00+00:00,1131.59,1132.88,1116.14,1117.8,1264540,1131.59,1132.88,1116.14,1117.8,1264540,0.0,1.0
GOOG,2019-07-08 00:00:00+00:00,1116.35,1125.98,1111.21,1125.17,1236419,1116.35,1125.98,1111.21,1125.17,1236419,0.0,1.0
GOOG,2019-07-09 00:00:00+00:00,1124.83,1128.03,1107.17,1111.8,1330370,1124.83,1128.03,1107.17,1111.8,1330370,0.0,1.0
GOOG,2019-07-10 00:00:00+00:00,1140.48,1142.05,1130.97,1131.22,1209466,1140.48,1142.05,1130.97,1131.22,1209466,0.0,1.0
GOOG,2019-07-11 00:00:00+00:00,1144.21,1153.07,1139.58,1143.25,1195569,1144.21,1153.07,1139.58,1143.25,1195569,0.0,1.0
GOOG,2019-07-12 00:00:00+00:00,1144.9,1147.34,1138.78,1143.99,863973,1144.9,1147.34,1138.78,1143.99,863973,0.0,1.0
GOOG,2019-07-15 00:00:00+00:00,1150.34,1150.82,1139.4,1146.86,903780,1150.34,1150.82,1139.4,1146.86,903780,0.0,1.0
GOOG,2019-07-16 00:00:00+00:00,1153.58,1158.58,1145.0,1146.0,1238807,1153.58,1158.58,1145.0,1146.0,1238807,0.0,1.0
GOOG,2019-07-17 00:00:00+00:00,1146.35,1158.36,1145.77,1150.97,1170047,1146.35,1158.36,1145.77,1150.97,1170047,0.0,1.0
GOOG,2019-07-18 00:00:00+00:00,1146.33,1147.61,1132.73,1141.74,1291281,1146.33,1147.61,1132.73,1141.74,1291281,0.0,1.0
GOOG,2019-07-19 00:00:00+00:00,1130.1,1151.14,1129.62,1148.19,1647245,1130.1,1151.14,1129.62,1148.19,1647245,0.0,1.0
GOOG,2019-07-22 00:00:00+00:00,1138.07,1139.25,1124.24,1133.45,1301846,1138.07,1139.25,1124.24,1133.45,1301846,0.0,1.0
GOOG,2019-07-23 00:00:00+00:00,1146.21,1146.9,1131.8,1144.0,1093688,1146.21,1146.9,1131.8,1144.0,1093688,0.0,1.0
GOOG,2019-07-24 00:00:00+00:00,1137.81,1144.0,1126.99,1131.9,1590101,1137.81,1144.0,1126.99,1131.9,1590101,0.0,1.0
GOOG,2019-07-25 00:00:00+00:00,1132.12,1141.7,1120.92,1137.82,2209881,1132.12,1141.7,1120.92,1137.82,2209881,0.0,1.0
GOOG,2019-07-26 00:00:00+00:00,1250.41,1265.55,1224.0,1224.04,4805752,1250.41,1265.55,1224.0,1224.04,4805752,0.0,1.0
GOOG,2019-07-29 00:00:00+00:00,1239.41,1247.37,1228.23,1241.05,2223731,1239.41,1247.37,1228.23,1241.05,2223731,0.0,1.0
GOOG,2019-07-30 00:00:00+00:00,1225.14,1234.87,1223.3,1225.41,1453263,1225.14,1234.87,1223.3,1225.41,1453263,0.0,1.0
GOOG,2019-07-31 00:00:00+00:00,1216.68,1234.0,1207.76,1223.0,1725454,1216.68,1234.0,1207.76,1223.0,1725454,0.0,1.0
GOOG,2019-08-01 00:00:00+00:00,1209.01,1234.11,1205.72,1214.03,1698510,1209.01,1234.11,1205.72,1214.03,1698510,0.0,1.0
GOOG,2019-08-02 00:00:00+00:00,1193.99,1206.9,1188.94,1200.74,1645067,1193.99,1206.9,1188.94,1200.74,1645067,0.0,1.0
GOOG,2019-08-05 00:00:00+00:00,1152.32,1175.24,1140.14,1170.04,2597455,1152.32,1175.24,1140.14,1170.04,2597455,0.0,1.0
GOOG,2019-08-06 00:00:00+00:00,1169.95,1179.96,1160.0,1163.31,1709374,1169.95,1179.96,1160.0,1163.31,1709374,0.0,1.0
GOOG,2019-08-07 00:00:00+00:00,1173.99,1178.45,1149.62,1156.0,1444324,1173.99,1178.45,1149.62,1156.0,1444324,0.0,1.0
GOOG,2019-08-08 00:00:00+00:00,1204.8,1205.01,1173.02,1182.83,1467997,1204.8,1205.01,1173.02,1182.83,1467997,0.0,1.0
GOOG,2019-08-09 00:00:00+00:00,1188.01,1203.88,1183.6,1197.99,1065658,1188.01,1203.88,1183.6,1197.99,1065658,0.0,1.0
GOOG,2019-08-12 00:00:00+00:00,1174.71,1184.96,1167.67,1179.21,1003187,1174.71,1184.96,1167.67,1179.21,1003187,0.0,1.0
GOOG,2019-08-13 00:00:00+00:00,1197.27,1204.78,1171.46,1171.46,1318009,1197.27,1204.78,1171.46,1171.46,1318009,0.0,1.0
GOOG,2019-08-14 00:00:00+00:00,1164.29,1182.3,1160.54,1176.31,1578668,1164.29,1182.3,1160.54,1176.31,1578668,0.0,1.0
GOOG,2019-08-15 00:00:00+00:00,1167.26,1175.84,1162.11,1163.5,1224739,1167.26,1175.84,1162.11,1163.5,1224739,0.0,1.0
GOOG,2019-08-16 00:00:00+00:00,1177.6,1182.72,1171.81,1179.55,1349436,1177.6,1182.72,1171.81,1179.55,1349436,0.0,1.0
GOOG,2019-08-19 00:00:00+00:00,1198.45,1206.99,1190.09,1190.09,1232517,1198.45,1206.99,1190.09,1190.09,1232517,0.0,1.0
GOOG,2019-08-20 00:00:00+00:00,1182.69,1196.06,1182.11,1195.25,915605,1182.69,1196.06,1182.11,1195.25,915605,0.0,1.0
GOOG,2019-08-21 00:00:00+00:00,1191.25,1199.0,1187.43,1193.15,741053,1191.25,1199.0,1187.43,1193.15,741053,0.0,1.0
GOOG,2019-08-22 00:00:00+00:00,1189.53,1198.01,1178.58,1194.07,947906,1189.53,1198.01,1178.58,1194.07,947906,0.0,1.0
GOOG,2019-08-23 00:00:00+00:00,1151.29,1194.08,1147.75,1181.99,1688271,1151.29,1194.08,1147.75,1181.99,1688271,0.0,1.0
GOOG,2019-08-26 00:00:00+00:00,1168.89,1169.47,1152.96,1157.26,1226441,1168.89,1169.47,1152.96,1157.26,1226441,0.0,1.0
GOOG,2019-08-27 00:00:00+00:00,1167.84,1182.4,1161.45,1180.53,1077452,1167.84,1182.4,1161.45,1180.53,1077452,0.0,1.0
GOOG,2019-08-28 00:00:00+00:00,1171.02,1176.42,1157.3,1161.71,770915,1171.02,1176.42,1157.3,1161.71,770915,0.0,1.0
GOOG,2019-08-29 00:00:00+00:00,1192.85,1196.06,1181.12,1181.12,1088858,1192.85,1196.06,1181.12,1181.12,1088858,0.0,1.0
GOOG,2019-08-30 00:00:00+00:00,1188.1,1198.5,1183.8,1198.5,1129959,1188.1,1198.5,1183.8,1198.5,1129959,0.0,1.0
GOOG,2019-09-03 00:00:00+00:00,1168.39,1186.89,1163.2,1177.03,1480420,1168.39,1186.89,1163.2,1177.03,1480420,0.0,1.0
GOOG,2019-09-04 00:00:00+00:00,1181.41,1183.48,1171.0,1176.71,1068968,1181.41,1183.48,1171.0,1176.71,1068968,0.0,1.0
GOOG,2019-09-05 00:00:00+00:00,1211.38,1213.04,1191.53,1191.53,1408601,1211.38,1213.04,1191.53,1191.53,1408601,0.0,1.0
GOOG,2019-09-06 00:00:00+00:00,1204.93,1212.02,1202.52,1208.13,1072143,1204.93,1212.02,1202.52,1208.13,1072143,0.0,1.0
GOOG,2019-09-09 00:00:00+00:00,1204.41,1220.0,1192.62,1204.0,1471880,1204.41,1220.0,1192.62,1204.0,1471880,0.0,1.0
GOOG,2019-09-10 00:00:00+00:00,1206.0,1210.0,1194.58,1195.15,1260115,1206.0,1210.0,1194.58,1195.15,1260115,0.0,1.0
GOOG,2019-09-11 00:00:00+00:00,1220.17,1222.6,1202.2,1203.41,1307033,1220.17,1222.6,1202.2,1203.41,1307033,0.0,1.0
GOOG,2019-09-12 00:00:00+00:00,1234.25,1241.86,1223.02,1224.3,1725908,1234.25,1241.86,1223.02,1224.3,1725908,0.0,1.0
GOOG,2019-09-13 00:00:00+00:00,1239.56,1240.88,1227.01,1231.35,1301350,1239.56,1240.88,1227.01,1231.35,1301350,0.0,1.0
GOOG,2019-09-16 00:00:00+00:00,1231.3,1239.56,1225.61,1229.52,1053299,1231.3,1239.56,1225.61,1229.52,1053299,0.0,1.0
GOOG,2019-09-17 00:00:00+00:00,1229.15,1235.0,1223.69,1230.4,958112,1229.15,1235.0,1223.69,1230.4,958112,0.0,1.0
GOOG,2019-09-18 00:00:00+00:00,1232.41,1235.61,1216.53,1227.51,1144333,1232.41,1235.61,1216.53,1227.51,1144333,0.0,1.0
GOOG,2019-09-19 00:00:00+00:00,1238.71,1244.44,1232.02,1232.06,1000155,1238.71,1244.44,1232.02,1232.06,1000155,0.0,1.0
GOOG,2019-09-20 00:00:00+00:00,1229.93,1243.32,1223.08,1233.12,2337269,1229.93,1243.32,1223.08,1233.12,2337269,0.0,1.0
GOOG,2019-09-23 00:00:00+00:00,1234.03,1239.09,1224.17,1226.0,1075253,1234.03,1239.09,1224.17,1226.0,1075253,0.0,1.0
GOOG,2019-09-24 00:00:00+00:00,1218.76,1246.74,1210.68,1240.0,1591786,1218.76,1246.74,1210.68,1240.0,1591786,0.0,1.0
GOOG,2019-09-25 00:00:00+00:00,1246.52,1248.3,1210.09,1215.82,1593875,1246.52,1248.3,1210.09,1215.82,1593875,0.0,1.0
GOOG,2019-09-26 00:00:00+00:00,1241.39,1245.0,1232.27,1241.96,1561882,1241.39,1245.0,1232.27,1241.96,1561882,0.0,1.0
GOOG,2019-09-27 00:00:00+00:00,1225.09,1244.02,1214.45,1243.01,1354432,1225.09,1244.02,1214.45,1243.01,1354432,0.0,1.0
GOOG,2019-09-30 00:00:00+00:00,1219.0,1226.0,1212.3,1220.97,1419676,1219.0,1226.0,1212.3,1220.97,1419676,0.0,1.0
GOOG,2019-10-01 00:00:00+00:00,1205.1,1231.23,1203.58,1219.0,1358279,1205.1,1231.23,1203.58,1219.0,1358279,0.0,1.0
GOOG,2019-10-02 00:00:00+00:00,1176.63,1196.99,1171.29,1196.98,1639237,1176.63,1196.99,1171.29,1196.98,1639237,0.0,1.0
GOOG,2019-10-03 00:00:00+00:00,1187.83,1189.06,1162.43,1180.0,1663656,1187.83,1189.06,1162.43,1180.0,1663656,0.0,1.0
GOOG,2019-10-04 00:00:00+00:00,1209.0,1211.44,1189.17,1191.89,1183264,1209.0,1211.44,1189.17,1191.89,1183264,0.0,1.0
GOOG,2019-10-07 00:00:00+00:00,1207.68,1218.2,1203.75,1204.4,867149,1207.68,1218.2,1203.75,1204.4,867149,0.0,1.0
GOOG,2019-10-08 00:00:00+00:00,1189.13,1206.08,1189.01,1197.59,1141784,1189.13,1206.08,1189.01,1197.59,1141784,0.0,1.0
GOOG,2019-10-09 00:00:00+00:00,1202.31,1208.35,1197.63,1199.35,876632,1202.31,1208.35,1197.63,1199.35,876632,0.0,1.0
GOOG,2019-10-10 00:00:00+00:00,1208.67,1215.0,1197.34,1198.58,932531,1208.67,1215.0,1197.34,1198.58,932531,0.0,1.0
